,買い方,payment,payout,馬,馬,馬,番,番,番
0,複勝,2000,3000,デクラーク,,,14,,
1,馬連,100,0,タッシーベリンダ,デクラーク,,9,14,
2,馬連,100,0,デクラーク,バウンシーダンス,,14,15,
3,馬連,100,0,デクラーク,ビクトリアバローズ,,14,18,
4,ワイド,4800,20640,コスモサンレミ,デクラーク,,1,14,
5,3連複,200,0,コスモサンレミ,デクラーク,バウンシーダンス,1,14,15
6,3連複,200,0,コスモサンレミ,デクラーク,ビクトリアバローズ,1,14,18
