,mark,枠,番,馬,性,齢,騎,量,父,爺,牧,調教,人気,オッズ,体重,増減,馬主,牧場,勝率,連率,複率
0,△,1,1,キタノイブラン,牡,3,武士沢友治,56.0,トーセンジョーダン,バブルガムフェロー,美浦,粕谷昌央,14,243.9,492,20,北所直人,タニグチ牧場,0.2,0.4,1.3
1,,1,2,ブリエヴェール,牡,3,石川裕紀人,56.0,エイシンフラッシュ,ゴールドアリュール,美浦,小笠倫弘,12,102.4,462,-2,グリーンファーム,社台ファーム,1.0,2.2,4.7
2,△,2,3,アポロドリーム,牝,3,武藤雅,54.0,ドゥラメンテ,Ｇｈｏｓｔｚａｐｐｅｒ,美浦,鈴木伸尋,13,123.4,490,-10,アポロサラブレッドクラブ,天羽禮治,0.5,2.5,4.6
3,○,2,4,タピテール,牝,3,田辺裕信,54.0,Ｔａｐｉｔ,ＡｆｔｅｒＭａｒｋｅｔ,美浦,黒岩陽一,1,2.2,496,-12,吉田千津,ＴｅｒｕｙａＹｏｓｈｉｄａ,30.7,52.2,64.5
4,▲,3,5,セイウンオードリー,牡,3,内田博幸,56.0,リーチザクラウン,マヤノトップガン,美浦,深山雅史,6,15.4,504,6,西山茂行,宇南山牧場,5.3,13.8,25.0
5,▲,3,6,オープンワールド,牡,3,戸崎圭太,56.0,ネオユニヴァース,サクラバクシンオー,美浦,尾関知人,7,18.5,472,0,明栄商事,沖田忠幸,4.0,9.1,19.3
6,,4,7,サンエルセントロ,牡,3,蛯名正義,56.0,マクフィ,ハーツクライ,美浦,中舘英二,4,13.2,444,-6,加藤ステーブル,シンボリ牧場,7.7,15.4,27.5
7,,4,8,キトゥンズルンバ,牡,3,大野拓弥,56.0,Ｋｉｔｔｅｎ’ｓＪｏｙ,ＴｈｕｎｄｅｒＧｕｌｃｈ,美浦,杉浦宏昭,5,14.9,472,10,吉田千津,ＦｒｅｄｅｒｉｃｋＭ．Ａｌｌｏｒ，ＫｅｎｎｅｔｈＬ．Ｒａｍｓｅｙ＆ＳａｒａｈＫ．Ｒａｍｓｅｙ,5.1,9.9,17.8
8,◎,5,9,ピンクマジック,牡,3,津村明秀,56.0,バンデ,Ｂｅｒｎａｒｄｉｎｉ,美浦,牧光二,10,87.5,488,0,飛渡牧場,飛渡牧場,0.4,1.1,2.1
9,▲,5,10,ラウンシー,牝,3,木幡巧也,54.0,パイロ,ディープスカイ,美浦,田中剛,8,45.0,442,4,ゴドルフィン,ダーレー・ジャパン・ファーム,1.5,4.2,10.9
10,△,6,11,グアドループ,牡,3,Ｃ．ルメール,56.0,ヴィクトワールピサ,Ａｌｄｅｂａｒａｎ,美浦,田村康仁,2,3.4,538,12,平井裕,ノーザンファーム,25.4,48.1,56.8
11,◎,6,12,エバーサニーハート,牡,3,石橋脩,56.0,シニスターミニスター,キングヘイロー,美浦,小手川準,3,5.6,494,2,堀口晴男,市川牧場,17.1,36.3,54.6
12,▲,7,13,マラドーナ,牡,3,小林脩斗,53.0,ペルーサ,カネヒキリ,美浦,岩戸孝樹,11,101.4,474,6,中村智幸,バンブー牧場,0.5,2.7,5.1
13,○,7,14,ブラウンザウバー,牡,3,野中悠太郎,56.0,タートルボウル,マンハッタンカフェ,美浦,小西一男,15,345.5,478,14,キャピタルクラブ,金石牧場,0.1,0.2,0.7
14,,8,15,カラドボルグ,牡,3,酒井学,56.0,ラブリーデイ,タニノギムレット,美浦,佐藤吉勝,9,68.3,476,0,田頭勇貴,沖田牧場,0.5,1.9,4.7
15,△,8,16,フラッシュヒーロー,牡,3,杉原誠人,56.0,エイシンフラッシュ,ステイゴールド,美浦,的場均,16,379.5,458,2,田頭勇貴,滝本健二,0.0,0.1,0.4
