,mark,枠,番,馬,性,齢,騎,量,父,爺,牧,調教,人気,オッズ,体重,増減,馬主,牧場,勝率,連率,複率
0,◎,1,1,キャンユーキッス,牝,3,吉田隼人,54.0,ディスクリートキャット,ゴールドアリュール,栗東,鈴木孝志,6,12.6,436,10,岡浩二,滝本健二,6.3,11.5,17.1
1,▲,2,2,スナークショウエン,牝,3,菅原明良,53.0,ヘニーヒューズ,サクラバクシンオー,栗東,川村禎彦,4,7.9,468,-4,杉本豊,小泉牧場,10.7,21.9,33.5
2,◎,3,3,コジートゥインクル,牡,3,菱田裕二,56.0,アドマイヤムーン,フジキセキ,栗東,谷潔,13,159.7,500,16,齊藤直信,新冠橋本牧場,0.5,1.3,2.3
3,,3,4,スターリーソング,牝,3,西村淳也,54.0,エスポワールシチー,Ｗｏｏｄｍａｎ,栗東,高柳大輔,12,150.4,420,-8,広尾レース,金球美,0.6,2.0,4.3
4,△,4,5,インゴットバード,牡,3,亀田温心,55.0,ディスクリートキャット,ゼンノロブロイ,栗東,牧田和弥,1,3.1,492,6,小島吉彦,グローリーファーム,22.4,41.7,56.5
5,△,4,6,ビーナスオーキッド,牝,3,藤田菜七子,52.0,アジアエクスプレス,キングヘイロー,美浦,水野貴広,9,38.8,458,-8,助川啓一,岩見牧場,5.2,8.3,16.0
6,◎,5,7,ユスティニアン,牡,3,黛弘人,56.0,シニスターミニスター,ロージズインメイ,栗東,新谷功一,11,91.4,428,-12,岡田牧雄,岡田スタツド,0.9,2.2,5.5
7,,5,8,ハルキジェイソウル,牝,3,田中健,54.0,シニスターミニスター,タニノギムレット,栗東,浅見秀一,7,20.6,408,-14,若草クラブ,佐藤勝秀,5.9,15.0,24.8
8,◎,6,9,ボルケーノペスカ,牡,3,藤井勘一郎,56.0,ホッコータルマエ,ダイワメジャー,栗東,角田晃一,8,33.5,442,6,山田信太郎,三嶋牧場,2.7,6.5,12.6
9,○,6,10,レジュレクシオン,牡,3,岡田祥嗣,56.0,リヤンドファミユ,タニノギムレット,栗東,吉田直弘,14,189.3,416,6,京都ホースレーシング,高橋フアーム,0.8,1.2,2.2
10,△,7,11,クリオズナ,牝,3,泉谷楓真,51.0,オルフェーヴル,キングカメハメハ,栗東,浜田多実雄,2,3.6,430,2,サンデーレーシング,ノーザンファーム,16.3,30.0,40.5
11,▲,7,12,スマートエミネンス,牡,3,藤岡康太,56.0,ワールドエース,アグネスデジタル,栗東,松永昌博,3,4.5,458,2,大川徹,静内山田牧場,16.6,27.9,37.7
12,▲,8,13,サンライズテソロ,牡,3,加藤祥太,56.0,ダノンシャンティ,サクラバクシンオー,栗東,石坂公一,10,71.2,440,-12,松岡隆雄,ミリオンファーム,1.0,2.1,4.7
13,,8,14,インディナート,牝,3,斎藤新,53.0,ルーラーシップ,マンハッタンカフェ,栗東,浅見秀一,5,10.8,436,-6,梶本尚嗣,タガミファーム,10.2,28.4,42.3
