,mark,枠,番,馬,性,齢,騎,量,父,爺,牧,調教,人気,オッズ,体重,増減,馬主,牧場,勝率,連率,複率
0,△,1,1,ラント,牝,3,坂井瑠星,54.0,ダイワメジャー,フォーティナイナーズサン,栗東,矢作芳人,9,115.8,472,-10,田畑勝彦,ヒダカフアーム,0.9,4.0,7.8
1,▲,1,2,ショウナンガルーダ,牡,3,藤岡佑介,56.0,モーリス,アグネスタキオン,栗東,高橋義忠,0,0.3,0,999,国本哲秀,天羽牧場,,,
2,△,2,3,サトノスカイターフ,牡,3,松山弘平,56.0,ディープインパクト,Ｍｉｎｅｓｈａｆｔ,栗東,池江泰寿,2,3.7,486,-4,サトミホースカンパニー,ノーザンファーム,26.7,48.8,67.3
3,◎,2,4,ロワンディシー,牡,3,幸英明,56.0,リオンディーズ,ステイゴールド,栗東,北出成人,5,23.3,444,-2,松本俊廣,天羽禮治,4.2,12.8,23.4
4,○,3,5,ヴィトーリア,牡,3,北村友一,56.0,ドゥラメンテ,Ｗｏｏｄｍａｎ,栗東,武英智,10,123.6,430,-2,寺田寿男,矢野牧場,0.6,3.7,7.0
5,○,3,6,ゴダイリキ,牡,3,和田竜二,56.0,モーリス,スズカマンボ,栗東,牧浦充徳,3,13.4,492,-6,青山洋一,グランド牧場,10.4,19.3,27.6
6,○,4,7,セラヴィー,牝,3,岩田望来,54.0,キズナ,ＬｉｏｎＨｅａｒｔ,栗東,鮫島一歩,6,35.8,404,-8,フクキタル,パカパカファーム,2.7,6.7,15.4
7,○,4,8,マテンロウアレス,牡,3,福永祐一,56.0,ダイワメジャー,Ｆｏｏｔｓｔｅｐｓｉｎｔｈｅｓａｎｄ,栗東,昆貢,1,1.4,488,-6,寺田千代乃,タイヘイ牧場,43.4,78.7,101.0
8,▲,5,9,ブーゲンビリア,牝,3,藤懸貴志,54.0,キズナ,ブライアンズタイム,栗東,平田修,13,314.6,418,-2,飯田良枝,千代田牧場,0.1,0.4,0.5
9,▲,5,10,トウカイクラルテ,騸,3,柴山雄一,56.0,モーリス,キングカメハメハ,栗東,田所秀孝,14,314.6,462,-2,内村正則,長浜牧場,0.1,0.4,0.9
10,△,6,11,カバーガール,牝,3,武豊,54.0,ダイワメジャー,ブライアンズタイム,栗東,清水久詞,4,13.8,468,2,石川達絵,桑田牧場,8.9,19.2,36.2
11,◎,6,12,スカイトライア,牡,3,古川吉洋,56.0,ディープスカイ,ファルブラヴ,栗東,昆貢,7,41.7,492,24,水上行雄,笠松牧場,1.1,2.9,4.0
12,◎,7,13,マーレット,牡,3,酒井学,56.0,ラブリーデイ,ステイゴールド,栗東,渡辺薫彦,8,113.5,446,16,錦岡牧場,錦岡牧場,0.3,1.6,4.3
13,▲,7,14,ライヴキャンディー,牡,3,高倉稜,56.0,オルフェーヴル,ＡｆｌｅｅｔＡｌｅｘ,栗東,渡辺薫彦,12,288.8,400,-8,澤田孝之,桜井牧場,0.1,0.5,1.7
14,◎,8,15,ゲノム,牡,3,松若風馬,56.0,ハクサンムーン,トニービン,栗東,高柳大輔,11,202.3,432,6,今村明浩,白井牧場,0.2,0.6,1.8
15,○,8,16,バトルナユタ,牝,3,加藤祥太,54.0,ダイワメジャー,ホワイトマズル,栗東,浜田多実雄,15,323.1,506,-2,宮川秋信,レイクヴィラファーム,0.3,0.6,1.2
