,mark,枠,番,馬,性,齢,騎,量,父,爺,牧,調教,人気,オッズ,体重,増減,馬主,牧場,勝率,連率,複率
0,○,1,1,スンリ,牝,3,池添謙一,54.0,キズナ,Ｋｉｎｇｍａｍｂｏ,栗東,清水久詞,12,216.9,462,4,白日光,石郷岡五月,0.2,0.5,2.0
1,○,2,2,ナムラメーテル,牝,3,和田竜二,54.0,リオンディーズ,グランデラ,栗東,鈴木孝志,9,59.6,430,0,奈村睦弘,八田ファーム,1.2,2.9,7.7
2,○,3,3,エリザベスタワー,牝,3,武豊,54.0,Ｋｉｎｇｍａｎ,Ｄｏｙｅｎ,栗東,高野友和,1,2.1,512,0,社台レースホース,ＳｈａｄａｉＦａｒｍ,36.8,54.6,66.8
3,,4,4,ジェラルディーナ,牝,3,北村友一,54.0,モーリス,ディープインパクト,栗東,石坂正,2,5.7,430,2,サンデーレーシング,ノーザンファーム,12.4,31.8,45.2
4,▲,5,5,クァンタムレルム,牝,3,藤岡佑介,54.0,アドマイヤムーン,Ｄｏｙｅｎ,栗東,石橋守,8,46.5,458,0,ゴドルフィン,ダーレー・ジャパン・ファーム,1.4,3.0,7.1
5,,5,6,ヴェールクレール,牝,3,福永祐一,54.0,リオンディーズ,ハービンジャー,栗東,高橋亮,3,6.2,462,-6,シルクレーシング,ノーザンファーム,12.3,31.7,43.0
6,○,6,7,マリアエレーナ,牝,3,松山弘平,54.0,クロフネ,ディープインパクト,栗東,吉田直弘,4,7.2,410,-6,金子真人ホールディングス,日高大洋牧場,11.3,25.8,45.1
7,△,6,8,ルージュグラース,牝,3,岩田康誠,54.0,ハービンジャー,アグネスタキオン,栗東,安田隆行,11,98.3,414,-18,東京ホースレーシング,ノーザンファーム,0.5,1.3,2.6
8,▲,7,9,サルファーコスモス,牝,3,川田将雅,54.0,キングカメハメハ,ネオユニヴァース,栗東,中内田充正,5,8.4,456,-4,吉田勝己,ノーザンファーム,10.9,21.8,33.9
9,▲,7,10,デルマセイシ,牝,3,松若風馬,54.0,エイシンフラッシュ,スペシャルウィーク,栗東,音無秀孝,10,63.9,462,-6,浅沼廣幸,社台ファーム,2.0,3.3,7.1
10,▲,8,11,ディヴァインラヴ,牝,3,団野大成,54.0,エピファネイア,ディープインパクト,栗東,斉藤崇史,7,26.9,474,8,窪田芳郎,ノーザンファーム,4.2,9.3,16.3
11,◎,8,12,サトノルーチェ,牝,3,幸英明,54.0,ディープインパクト,ＢｕｒｎｉｎｇＲｏｍａ,栗東,吉村圭司,6,12.5,420,-8,サトミホースカンパニー,社台ファーム,6.8,13.7,23.1
