,買い方,payment,payout,馬,馬,馬,番,番,番
0,複勝,2000,3600,ニホンピロスクーロ,,,8,,
1,馬連,100,0,ジャストマリッジ,ルヴァン,,4,12,
2,馬連,100,0,ニホンピロスクーロ,ベリンダアン,,8,10,
3,馬連,100,0,ベリンダアン,ルヴァン,,10,12,
4,ワイド,4800,16800,ニホンピロスクーロ,ルヴァン,,8,12,
5,3連複,200,0,ヴェルザスカ,パイネ,ニホンピロスクーロ,2,5,8
6,3連複,200,0,ヴェルザスカ,ニホンピロスクーロ,ルヴァン,2,8,12
