,mark,枠,番,馬,性,齢,騎,量,父,爺,牧,調教,人気,オッズ,体重,増減,馬主,牧場,勝率,連率,複率
0,◎,1,1,シュブリーム,牡,5,嘉藤貴行,57.0,ジャングルポケット,ダンスインザダーク,美浦,大和田成,9,114.5,480,18,栗坂崇,中神牧場,0.5,1.1,2.6
1,◎,2,2,ワンダーコノシュア,牡,5,木幡巧也,57.0,ブラックタイド,Ｍｅｄａｇｌｉａｄ’Ｏｒｏ,美浦,斎藤誠,11,265.2,496,-10,山本能成,大島牧場,0.2,0.5,1.5
2,▲,3,3,アルディエンテ,牡,4,横山武史,56.0,エイシンフラッシュ,サンデーサイレンス,美浦,古賀慎明,4,13.3,488,-4,Ｇ１レーシング,追分ファーム,6.1,15.9,28.3
3,△,4,4,プライムフェイズ,牡,4,福永祐一,56.0,ディープインパクト,ＤｉｓｔｏｒｔｅｄＨｕｍｏｒ,栗東,藤原英昭,5,18.0,468,8,サンデーレーシング,ノーザンファーム,5.6,12.5,24.7
4,○,5,5,カンバラ,牝,4,丸山元気,54.0,オルフェーヴル,ＦｏｒｅｓｔＷｉｌｄｃａｔ,美浦,黒岩陽一,6,21.5,486,-4,ゴドルフィン,ダーレー・ジャパン・ファーム,4.8,12.3,21.4
5,△,6,6,エヒト,牡,4,戸崎圭太,56.0,ルーラーシップ,ディープインパクト,栗東,森秀行,3,5.6,456,4,平井裕,白井牧場,12.5,29.2,42.4
6,◎,6,7,マイネルステレール,牡,5,柴田大知,57.0,グラスワンダー,スペシャルウィーク,美浦,菊川正達,10,140.1,490,0,サラブレッドクラブ・ラフィアン,ビッグレッドファーム,0.8,1.9,5.1
7,◎,7,8,エドノフェリーチェ,牝,4,津村明秀,54.0,ゴールドシップ,ブライアンズタイム,美浦,相沢郁,7,21.7,452,16,遠藤喜松,フジワラフアーム,4.0,10.4,17.6
8,▲,7,9,アイアンバローズ,牡,4,Ｃ．ルメール,56.0,オルフェーヴル,ＲｏｙａｌＡｎｔｈｅｍ,栗東,角居勝彦,1,2.0,498,0,猪熊広次,ノーザンファーム,35.9,61.2,77.7
9,◎,8,10,ハーツイストワール,牡,5,田辺裕信,57.0,ハーツクライ,キャプテンスティーヴ,美浦,国枝栄,2,3.3,486,4,嶋田賢,ノーザンファーム,28.0,50.4,68.7
10,,8,11,ルタンブル,牝,5,吉田豊,55.0,エイシンフラッシュ,アグネスタキオン,美浦,小手川準,8,28.3,460,-2,杉浦和也,竹島幸治,1.7,4.6,10.1
