,mark,枠,番,馬,性,齢,騎,量,父,爺,牧,調教,人気,オッズ,体重,増減,馬主,牧場,勝率,連率,複率
0,◎,1,1,ハッピーゴラッキー,牝,5,福永祐一,55.0,パイロ,Ｋｉｎｇ’ｓＢｅｓｔ,栗東,千田輝彦,6,13.6,510,6,ゴドルフィン,ダーレー・ジャパン・ファーム,6.9,15.0,24.2
1,,1,2,スズカモナミ,牝,7,秋山真一郎,55.0,キンシャサノキセキ,ＤｉｓｔｏｒｔｅｄＨｕｍｏｒ,栗東,吉村圭司,14,100.3,420,-12,永井啓弍,辻牧場,1.3,2.7,5.5
2,△,2,3,ガンケン,牡,5,森裕太朗,57.0,ヘニーヒューズ,マンハッタンカフェ,栗東,宮本博,2,4.2,540,6,岡浩二,アイズスタッド,24.7,39.6,53.9
3,○,2,4,ニシノコトダマ,牡,5,武豊,57.0,ヘニーヒューズ,スペシャルウィーク,美浦,手塚貴久,7,16.9,542,-2,西山茂行,ガーベラパークスタツド,8.4,18.0,26.4
4,△,3,5,ロジペルレスト,騸,6,川島信二,57.0,ロジユニヴァース,Ａｌｄｅｂａｒａｎ,美浦,大竹正博,16,174.0,508,-2,久米田正明,須崎牧場,0.4,1.1,3.1
5,○,3,6,テルモードーサ,牝,5,岩田康誠,55.0,キンシャサノキセキ,ネオユニヴァース,栗東,高橋康之,4,7.6,544,0,吉田勝己,ノーザンファーム,8.3,19.5,25.6
6,▲,4,7,サイクロトロン,牡,4,北村友一,57.0,ロードカナロア,サクラバクシンオー,栗東,音無秀孝,1,3.9,532,2,金子真人ホールディングス,ノーザンファーム,10.7,20.3,29.7
7,,4,8,コパノマーキュリー,牡,4,和田竜二,57.0,サウスヴィグラス,マンハッタンカフェ,栗東,田所秀孝,3,6.4,520,8,小林祥晃,金成吉田牧場,13.2,26.2,38.2
8,○,5,9,シゲルオトメザ,牝,4,藤井勘一郎,55.0,スズカコーズウェイ,サウスヴィグラス,栗東,橋田満,10,21.5,502,-4,森中蕃,グランド牧場,2.9,7.7,11.8
9,▲,5,10,ターゲリート,牡,8,城戸義政,57.0,シンボリクリスエス,ＣｒａｆｔｙＰｒｏｓｐｅｃｔｏｒ,美浦,戸田博文,15,138.6,498,0,Ｇ１レーシング,社台コーポレーション白老ファーム,0.3,1.1,2.5
10,◎,6,11,イッシン,牡,4,鮫島良太,57.0,ＴａｋｅＣｈａｒｇｅＩｎｄｙ,ＣｌｏｓｉｎｇＡｒｇｕｍｅｎｔ,栗東,浅見秀一,12,36.8,552,2,林正道,ＳｔｏｎｅｃｌｉｆｆＦａｒｍ,2.1,4.9,10.3
11,,6,12,バーニングペスカ,牡,6,幸英明,57.0,パイロ,ダイワメジャー,栗東,松永昌博,9,18.8,482,-2,山田信太郎,三嶋牧場,4.8,11.4,17.2
12,○,7,13,カバジェーロ,牡,4,田辺裕信,57.0,ロードカナロア,ダンスインザダーク,栗東,橋口慎介,5,12.1,494,8,ノースヒルズ,ノースヒルズ,8.8,12.9,18.1
13,○,7,14,サイモンハロルド,牡,4,高倉稜,57.0,Ｍａｃｌｅａｎ’ｓＭｕｓｉｃ,ＣｏｗｂｏｙＣａｌ,栗東,森秀行,8,16.9,450,2,澤田昭紀,ＤｒｅａｍＷａｌｋｉｎ’Ｆａｒｍｓ，Ｉｎｃ．,4.7,11.0,18.6
14,◎,8,15,クリノサンレオ,牡,8,田中健,57.0,キングヘイロー,ディアブロ,栗東,藤沢則雄,13,71.2,476,-2,栗本博晴,三輪牧場,0.7,2.6,4.1
15,▲,8,16,ツウカイウイング,牡,6,竹之下智昭,57.0,ネオユニヴァース,アフリート,栗東,千田輝彦,11,28.2,476,4,木村直樹,萩澤泰博,1.7,6.1,10.5
